company,job,city,min_salary,max_salary,education,financing,insurance,bonus,examination,weekend,prospect,team,travel,train,min_experience,max_experience,min_size,max_size
河南端琪实业发展有限公司,Python软件开发工程师,郑州,6000.0,8000.0,不限,不需要融资,Y,Y,N,N,N,N,N,N,0,40,150,500
帮伯乐,python开发工程师,上海,10000.0,18000.0,本科,不需要融资,N,N,N,N,N,N,N,N,1,3,15,50
浙江巨能环境工程有限公司,python开发工程师,杭州,15000.0,30000.0,本科,不需要融资,Y,Y,Y,N,N,N,N,N,3,5,50,150
上海全晓信息技术有限公司,"软件工程师（C++/C, Java/C#, python）",南京,15000.0,25000.0,本科,未知,N,N,Y,N,N,N,N,N,3,5,0,208000
上海网擎信息系统有限公司,对日JAVA、Python高级工程师,上海,18000.0,35000.0,本科,不需要融资,Y,N,Y,N,N,N,Y,N,5,10,0,15
青岛启环国际贸易有限公司,Python工程师,青岛,6000.0,8000.0,大专,不需要融资,Y,N,N,N,N,N,N,Y,3,5,50,150
维普资讯,python开发工程师,重庆,9000.0,14000.0,本科,不需要融资,Y,Y,Y,N,N,N,N,N,1,3,150,500
辰而将行软件,Python开发工程师,上海,12000.0,20000.0,本科,不需要融资,Y,N,N,N,N,N,N,N,1,3,50,150
紫川软件,python开发,深圳,15000.0,18000.0,本科,不需要融资,Y,N,Y,N,N,N,N,N,3,5,500,2000
帮伯乐,Python开发工程师,天津,11000.0,20000.0,本科,不需要融资,N,N,N,N,N,N,N,N,1,3,15,50
万宝盛华企业管理咨询（上海）有限公司成都分公司,python自动化测试工程师,上海,20000.0,25000.0,本科,不需要融资,Y,N,Y,N,N,N,N,N,5,10,0,15
深圳市科雅智能数码有限公司,python后端开发,深圳,10000.0,15000.0,本科,不需要融资,N,N,N,N,N,N,N,Y,1,3,50,150
兰台信息,Python高级工程师（AI大模型方向）,上海,18000.0,25000.0,本科,不需要融资,Y,Y,N,N,N,N,N,N,5,10,500,2000
博为峰,Python开发工程师,上海,17000.0,19000.0,大专,未知,Y,N,N,Y,N,N,N,N,5,10,0,208000
深智无限,python开发工程师,深圳,15000.0,18000.0,本科,未融资,N,N,N,N,N,N,N,N,3,5,0,15
岩山科技,python开发工程师,上海,28000.0,35000.0,本科,不需要融资,Y,Y,Y,N,N,N,N,N,5,10,500,2000
Veeva System维我软件,python高级开发工程师,北京,30000.0,40000.0,本科,上市公司,N,N,N,N,N,N,N,N,5,10,2000,208000
玖乾奕软件,python开发实习生,上海,3000.0,4000.0,本科,不需要融资,N,N,N,N,N,N,N,N,0,40,15,50
特易资讯,海外爬虫开发工程师（to B Python）,上海,15000.0,23000.0,本科,不需要融资,Y,Y,Y,N,N,N,N,N,1,3,150,500
瑞丰科技,python开发工程师,广州,6000.0,10000.0,本科,不需要融资,Y,Y,Y,N,N,N,N,N,3,5,150,500
上海韦创立企业管理咨询有限公司,python开发,北京,14000.0,18000.0,不限,不需要融资,N,N,N,N,Y,Y,N,N,1,3,50,150
北京指南针,python数据开发工程师,北京,15000.0,30000.0,本科,上市公司,N,N,N,N,N,N,N,N,1,3,500,2000
担路网,web开发工程师（python+js）,上海,10000.0,18000.0,本科,未融资,N,N,N,N,N,N,N,N,0,40,15,50
国泰君安期货有限公司,Python开发工程师,上海,12000.0,20000.0,硕士,不需要融资,Y,N,Y,Y,N,N,N,N,0,40,500,2000
玖乾奕软件,python数据开发工程师,上海,15000.0,25000.0,本科,不需要融资,N,N,N,N,N,N,N,N,1,3,15,50
第三石科技,python开发工程师,北京,13000.0,25000.0,本科,B轮,N,N,N,N,N,N,N,N,1,3,50,150
深圳渔航人才服务,python开发工程师,西安,8000.0,12000.0,本科,未融资,Y,Y,N,N,N,N,N,N,1,3,0,15
南京洲源信息科技有限公司,Python开发工程师（实习生）,南京,4000.0,5000.0,本科,不需要融资,N,Y,N,N,N,N,N,N,0,0,15,50
河南甫得影视,python爬虫开发工程师,郑州,6000.0,8000.0,不限,不需要融资,Y,Y,Y,N,N,N,N,N,0,40,50,150
深圳市晨特电子有限公司,python开发工程师,深圳,6000.0,12000.0,大专,未知,Y,Y,N,N,N,N,N,N,1,3,0,208000
奥维数字,python开发工程师,济南,18000.0,25000.0,本科,不需要融资,Y,N,N,Y,N,N,N,N,5,10,150,500
上海现代通用识别技术有限公司,Python开发工程师,上海,15000.0,20000.0,本科,不需要融资,N,N,N,N,Y,Y,N,N,3,5,50,150
深圳市捷仕通电子科技有限公司,python开发工程师,深圳,8000.0,10000.0,大专,未知,Y,Y,N,N,N,N,N,N,1,3,0,208000
优脉家族办公室,python开发,上海,3000.0,4000.0,本科,不需要融资,Y,Y,N,N,N,N,N,N,0,0,15,50
时代互联,Python工程师,珠海,5000.0,9000.0,本科,不需要融资,Y,Y,N,Y,N,N,N,N,1,3,50,150
安徽策美网络科技有限公司深圳分公司,python开发工程师,上海,10000.0,18000.0,本科,未知,N,N,N,N,N,N,N,N,1,3,0,208000
云南智讯达科技开发有限公司,python开发工程师,昆明,8000.0,12000.0,本科,不需要融资,Y,N,Y,N,N,N,N,Y,1,3,15,50
拼吧科技,python开发,广州,9000.0,14000.0,大专,A轮,Y,N,N,Y,N,N,N,N,3,5,15,50
云南云岭工程造价咨询有限公司,Python开发工程师,昆明,7000.0,10000.0,本科,不需要融资,Y,N,Y,Y,N,N,N,N,1,3,500,2000
杭州艾琳达企业管理有限公司,Python,北京,25000.0,30000.0,本科,未知,N,N,Y,N,N,N,N,N,3,5,0,208000
深圳开仓了科技有限公司,Python开发工程师,深圳,20000.0,30000.0,本科,不需要融资,N,N,N,N,Y,N,N,N,5,10,15,50
重庆椿江科技有限公司,python开发工程师,重庆,4000.0,8000.0,不限,不需要融资,N,N,N,Y,N,N,N,N,0,40,15,50
武汉云稼数字科技有限公司,python开发工程师,武汉,10000.0,13000.0,本科,未知,Y,N,N,Y,N,N,N,N,3,5,0,208000
上海唯析信息科技有限公司,python工程师,上海,8000.0,12000.0,本科,不需要融资,N,N,N,N,Y,Y,N,N,0,40,15,50
纽达投资管理,python开发工程师,梅州,8000.0,15000.0,本科,未融资,N,N,N,N,N,Y,N,N,0,40,50,150
稳网互联,python开发工程师,郑州,7000.0,10000.0,大专,未融资,N,N,N,N,N,N,N,N,3,5,15,50
中新赛克,Python开发工程师,南京,14000.0,20000.0,本科,未知,N,N,N,N,Y,Y,N,N,3,5,0,208000
深圳立德船舶智造技术有限公司,Python开发工程师,深圳,10000.0,20000.0,本科,不需要融资,Y,N,Y,N,N,N,Y,N,1,3,0,15
万国数据,Python,廊坊,18000.0,30000.0,本科,不需要融资,N,N,N,N,N,N,N,N,5,10,500,2000
BINDOYEN,Python工程师,无锡,10000.0,15000.0,本科,不需要融资,N,N,N,N,N,N,Y,N,3,5,50,150
华会科技,python开发工程师,深圳,10000.0,15000.0,本科,A轮,N,N,N,N,N,N,N,N,3,5,15,50
杭州工互科技有限公司,python开发工程师,上海,12000.0,15000.0,本科,未知,Y,N,N,N,N,N,Y,N,3,5,0,208000
元镁科技,Python,上海,8000.0,16000.0,本科,不需要融资,N,N,N,N,N,N,N,Y,1,3,150,500
宏桥高科,python开发工程师,珠海,8000.0,14000.0,本科,不需要融资,Y,N,N,N,N,N,N,N,3,5,150,500
魔数智擎人工智能,python开发工程师,广州,10000.0,15000.0,本科,A轮,N,N,N,N,N,N,N,N,1,3,15,50
宁波华港船代,python工程师,宁波,7000.0,11000.0,本科,不需要融资,N,Y,Y,N,N,N,Y,N,3,5,50,150
正和网络,python开发工程师,石家庄,6000.0,10000.0,本科,A轮,N,N,N,N,N,N,N,N,1,3,150,500
山东昇润能源实业有限公司,python开发,上海,22000.0,28000.0,本科,不需要融资,N,N,N,N,N,N,N,N,3,5,0,15
南京博锐星润软件科技有限公司,Python,南京,9000.0,12000.0,大专,未知,N,N,N,N,Y,Y,N,N,3,5,0,208000
鱼跃医疗,python开发工程师,南京,12000.0,24000.0,本科,不需要融资,N,N,N,N,Y,Y,N,N,3,5,2000,208000
群福塑胶,Python工程师,东莞,6000.0,8000.0,大专,不需要融资,N,N,N,N,N,N,N,Y,1,3,500,2000
芯发威达&amp;上海威强,python开发工程师,上海,12000.0,17000.0,本科,未知,Y,Y,N,N,N,N,N,N,5,10,0,208000
同花顺,python开发,杭州,15000.0,25000.0,本科,上市公司,N,N,N,N,Y,N,N,N,1,3,2000,208000
京北方广州分公司,Python,广州,13000.0,18000.0,本科,不需要融资,N,N,N,N,N,N,N,N,5,10,2000,208000
致学教育,python开发工程师,沈阳,4000.0,6000.0,硕士,A轮,N,N,N,N,N,N,N,N,0,0,50,150
蓝典信安,python开发工程师,深圳,8000.0,15000.0,本科,上市公司,N,N,N,N,N,N,N,N,0,40,50,150
广州市点易资讯科技有限公司,Python开发工程师,广州,8000.0,14000.0,本科,不需要融资,Y,Y,N,Y,N,N,N,N,0,40,150,500
中铁第四勘察设计院集团有限公司,Python开发工程师,武汉,10000.0,15000.0,本科,不需要融资,N,N,N,N,N,N,N,N,3,5,2000,208000
广州碧软信息科技有限公司,python开发工程师,武汉,11000.0,14000.0,大专,未知,Y,N,N,N,N,N,N,N,1,3,0,208000
佰钧成技术,python开发工程师,武汉,10000.0,14000.0,本科,不需要融资,Y,Y,Y,N,N,N,N,N,3,5,2000,208000
融智国创,python开发工程师,北京,7000.0,12000.0,本科,未融资,Y,Y,N,N,N,N,N,N,0,40,50,150
淞华思创,Python开发工程师,成都,8000.0,12000.0,本科,未融资,N,N,N,N,N,N,N,N,3,5,0,15
融智国创,python开发工程师,武汉,5000.0,8000.0,本科,未融资,Y,Y,N,N,N,N,N,N,0,40,50,150
Wisdom Garden,python开发工程师,西安,10000.0,18000.0,本科,A轮,N,N,N,N,N,N,N,N,3,5,50,150
天之华,python开发工程师,北京,2000.0,3000.0,本科,未融资,N,N,N,N,Y,N,N,N,0,0,50,150
骏玖电子,Python工程师,宁波,12000.0,16000.0,大专,不需要融资,N,N,N,N,Y,Y,N,N,3,5,150,500
拾风趣游,python开发工程师,重庆,10000.0,15000.0,本科,未融资,N,N,N,N,N,Y,N,N,3,5,50,150
深圳市云腾创智技术有限公司,Python开发,深圳,14000.0,20000.0,本科,未知,Y,Y,N,N,N,N,N,N,3,5,0,208000
成都市武侯区进阶思维教育培训学校有限公司,python开发工程师,成都,7000.0,9000.0,本科,不需要融资,N,N,N,N,Y,Y,N,N,1,3,15,50
湖南象盒网络科技有限公司,python开发工程师,长沙,7000.0,14000.0,本科,不需要融资,N,N,N,N,N,N,N,N,0,40,2000,208000
百奥赛图,python工程师,北京,25000.0,50000.0,本科,D轮及以上,N,N,N,N,Y,N,N,N,3,5,2000,208000
融智国创,python开发工程师,重庆,5000.0,8000.0,本科,未融资,Y,Y,N,N,N,N,N,N,0,40,50,150
构美信息,python开发工程师,杭州,15000.0,30000.0,大专,天使轮,Y,N,N,N,N,N,N,N,3,5,150,500
睿兴科技,python开发工程师,石家庄,10000.0,12000.0,大专,未融资,N,N,N,N,N,N,N,N,3,5,500,2000
墨炎科技,python开发工程师,杭州,8000.0,16000.0,不限,不需要融资,N,N,N,N,N,N,N,N,0,40,0,15
上海微风飞扬音乐有限公司,python开发工程师,上海,8000.0,12000.0,本科,不需要融资,N,N,N,N,Y,Y,N,N,3,5,0,15
得一创新,python开发,深圳,9000.0,13000.0,本科,不需要融资,N,N,N,N,N,N,N,N,1,3,50,150
得一创新,python开发工程师,深圳,9000.0,13000.0,本科,不需要融资,N,N,Y,N,N,N,N,N,1,3,50,150
兰州容大信息科技有限公司,python工程师,兰州,6000.0,8000.0,本科,未知,N,N,N,N,N,N,N,N,1,3,0,208000
福达尔,python开发,深圳,11000.0,20000.0,本科,不需要融资,Y,Y,Y,N,N,N,N,N,0,40,50,150
云孚科技,python开发工程师,哈尔滨,8000.0,16000.0,本科,不需要融资,N,N,N,N,N,N,N,N,0,40,15,50
千诀科技,python开发工程师,北京,9000.0,16000.0,本科,A轮,N,N,N,N,N,N,N,N,0,1,15,50
伴岸信息,python开发,重庆,15000.0,22000.0,本科,不需要融资,N,N,N,N,N,N,N,N,1,3,15,50
西点信息,python开发工程师,西安,10000.0,16000.0,本科,不需要融资,Y,Y,N,Y,N,N,N,N,1,3,50,150
紫川软件,Python工程师,深圳,15000.0,22000.0,本科,不需要融资,Y,N,Y,N,N,N,N,N,1,3,500,2000
云智矿安,python开发工程师,太原,10000.0,18000.0,本科,A轮,N,N,N,N,N,N,N,N,3,5,15,50
杭州曼孚科技有限公司,python工程师,北京,9000.0,16000.0,本科,B轮,N,N,N,N,N,N,N,N,0,40,50,150
水合木科技（天津）有限公司,python开发工程师,天津,12000.0,16000.0,大专,不需要融资,Y,N,N,N,N,N,N,N,1,3,15,50
进贸通,python开发工程师,天津,12000.0,16000.0,大专,未融资,Y,N,N,N,N,N,N,N,1,3,150,500
苏州百捷信息科技有限公司,Python开发工程师,广州,10000.0,15000.0,本科,不需要融资,Y,Y,N,N,N,N,N,N,3,5,150,500
华玮佳,python开发工程师,南京,10000.0,15000.0,本科,未融资,N,N,N,N,Y,N,N,N,1,3,50,150
华玮佳,python开发工程师,南京,10000.0,15000.0,本科,未融资,N,N,N,N,Y,N,N,N,3,5,50,150
国城科技,python,成都,12000.0,16000.0,大专,天使轮,N,N,N,N,N,N,N,N,3,5,50,150
颗粒度传媒,python开发工程师,长沙,10000.0,13000.0,大专,未融资,N,N,N,N,N,N,N,N,3,5,15,50
爱道格,python开发工程师,武汉,15000.0,20000.0,本科,不需要融资,N,N,N,N,Y,N,N,N,3,5,15,50
华为杭州研究所,python开发工程师,杭州,15000.0,30000.0,本科,不需要融资,N,N,N,N,N,N,N,N,0,40,2000,208000
天域盛业,python工程师,北京,10000.0,18000.0,大专,未融资,N,N,N,N,N,N,N,N,3,5,15,50
合众融智,python开发工程师,成都,8000.0,10000.0,本科,不需要融资,N,N,N,N,N,N,N,N,1,3,15,50
水合木科技（天津）有限公司,python开发工程师,天津,12000.0,18000.0,大专,不需要融资,N,N,N,N,N,N,N,N,3,5,15,50
阿伽科技,python开发工程师,上海,13000.0,26000.0,本科,天使轮,N,N,N,N,N,N,N,N,1,3,0,15
融万,python开发,上海,20000.0,24000.0,本科,A轮,N,N,N,Y,N,N,N,N,5,10,50,150
理工数字,python开发工程师,武汉,25000.0,40000.0,本科,D轮及以上,N,N,N,N,N,N,N,N,5,10,150,500
明月华炎,python开发工程师,南京,8000.0,12000.0,本科,C轮,Y,N,N,N,N,N,N,N,1,3,150,500
大悦科技,python工程师,珠海,7000.0,12000.0,大专,不需要融资,N,N,N,Y,N,N,N,N,1,3,15,50
杭州鸿致,python开发工程师,杭州,8000.0,15000.0,本科,未融资,N,N,N,N,N,N,N,N,1,3,0,15
若邻科技,python开发,西安,6000.0,9000.0,本科,未融资,N,N,N,N,N,N,N,N,1,3,15,50
甜夜网络,python开发,哈尔滨,6000.0,12000.0,大专,未融资,N,N,N,N,N,N,N,N,3,5,15,50
华为西安,python开发工程师,西安,13000.0,20000.0,本科,不需要融资,Y,N,N,N,N,N,N,N,0,40,2000,208000
蓝象科技,python开发工程师,杭州,20000.0,30000.0,本科,A轮,N,N,N,N,N,Y,N,N,1,3,50,150
阿提拉,python开发工程师,北京,15000.0,25000.0,本科,未融资,N,N,N,N,N,N,N,N,3,5,150,500
优为轻创,python开发工程师,深圳,15000.0,22000.0,本科,不需要融资,N,N,N,N,N,N,N,N,3,5,50,150
小豹科技,Python工程师,成都,10000.0,15000.0,本科,未融资,N,N,N,N,N,N,N,N,3,5,0,15
念珠智能,python开发工程师,郑州,4000.0,6000.0,本科,天使轮,N,N,N,N,Y,N,N,N,3,5,0,15
大船团,python工程师,西安,8000.0,12000.0,本科,未融资,N,N,N,N,N,N,N,N,3,5,15,50
信永中和,Python开发工程师,北京,10000.0,20000.0,本科,不需要融资,N,N,N,N,N,N,N,N,3,5,2000,208000
宁波思艾特软件有限公司,python工程师,宁波,10000.0,17000.0,本科,不需要融资,N,N,N,N,N,N,N,N,1,3,150,500
杭州鸿致,python开发工程师,杭州,10000.0,16000.0,本科,未融资,N,N,N,N,N,N,N,N,1,3,0,15
大眼睛,python开发工程师,天津,8000.0,13000.0,本科,未融资,Y,N,N,N,Y,N,N,N,1,3,15,50
开科唯识,python开发工程师,青岛,15000.0,20000.0,本科,C轮,N,N,N,N,N,N,N,N,5,10,500,2000
阅得科技,python开发工程师,东莞,12000.0,16000.0,本科,天使轮,N,N,N,N,N,N,N,N,3,5,0,15
葭仓科技,python开发工程师,上海,12000.0,20000.0,本科,不需要融资,N,N,N,N,N,N,N,N,1,3,15,50
奥创高新,python开发工程师,深圳,12000.0,15000.0,大专,不需要融资,N,N,N,N,Y,N,N,N,3,5,0,15
京北方,python开发,北京,14000.0,17000.0,本科,上市公司,N,N,N,Y,N,N,N,N,3,5,2000,208000
上海强辰,python开发,上海,13000.0,20000.0,本科,未融资,N,N,N,N,N,N,N,N,3,5,50,150
中国民航信息网络股份有限公司重庆分公司,python开发工程师,重庆,5000.0,10000.0,本科,上市公司,N,N,N,N,N,N,N,Y,1,3,500,2000
乐谷游戏,python开发工程师,武汉,10000.0,20000.0,大专,A轮,N,N,N,N,N,N,N,Y,3,5,50,150
文信博易,python开发工程师,北京,15000.0,25000.0,本科,未融资,N,N,N,N,N,N,N,N,3,5,15,50
瑞莱士,python开发工程师,深圳,15000.0,30000.0,本科,未融资,N,N,N,N,N,N,N,N,3,5,50,150
友点科技,python开发工程师,深圳,11000.0,18000.0,大专,不需要融资,Y,N,N,N,N,N,N,N,3,5,150,500
贝壳,Python开发工程师,北京,25000.0,40000.0,本科,上市公司,N,N,N,N,N,N,N,N,3,5,2000,208000
北纬四十度,python开发工程师,西安,8000.0,13000.0,本科,未融资,N,N,N,Y,N,N,N,N,1,3,50,150
比特鹰,python开发工程师,广州,8000.0,13000.0,不限,未融资,N,N,N,N,Y,N,N,N,1,3,15,50
六坊信息,python开发工程师,上海,10000.0,20000.0,本科,未融资,N,Y,N,N,N,N,Y,Y,3,5,15,50
一张满减券,python开发,深圳,10000.0,11000.0,本科,未融资,N,N,N,N,N,N,N,N,1,3,15,50
德科信息,python开发工程师,上海,16000.0,22000.0,本科,不需要融资,N,N,N,N,N,N,N,N,3,5,2000,208000
赤湾通信卫星应用,python开发工程师,深圳,15000.0,25000.0,本科,未融资,N,N,N,N,Y,N,N,N,3,5,15,50
优声科技,python开发工程师,北京,12000.0,16000.0,本科,未融资,N,N,Y,N,N,N,N,N,3,5,150,500
温州银行股份有限公司,python开发工程师,温州,13000.0,24000.0,本科,未融资,N,N,N,N,N,N,N,N,3,5,2000,208000
达观数据,python开发工程师,上海,8000.0,15000.0,本科,C轮,N,N,N,N,N,N,N,N,1,3,500,2000
达观数据,python开发工程师,上海,15000.0,25000.0,本科,C轮,N,N,N,N,N,N,N,N,3,5,500,2000
有一科技,python开发工程师,上海,15000.0,27000.0,不限,未融资,N,N,N,N,N,N,N,N,0,40,50,150
讯鸿网络,python开发工程师,广州,15000.0,17000.0,本科,B轮,N,N,N,N,N,N,N,N,1,3,50,150
SEE DIGITAL 瑟尚,python工程师,上海,25000.0,50000.0,本科,A轮,N,N,N,Y,N,N,N,N,1,3,150,500
Altran （亚创）,python开发工程师,西安,11000.0,14000.0,本科,上市公司,N,N,N,N,N,N,N,N,3,5,2000,208000
畅淼科技,Python开发工程师,南京,5000.0,10000.0,本科,不需要融资,N,N,N,N,N,N,N,N,1,3,15,50
众图互联,Python开发工程师,佛山,8000.0,15000.0,本科,不需要融资,N,N,N,N,N,N,N,N,3,5,50,150
码博科技,Python,北京,10000.0,16000.0,本科,不需要融资,N,N,N,N,N,N,N,N,1,3,15,50
名林科技,python开发工程师,厦门,15000.0,20000.0,不限,未融资,N,N,N,N,N,N,N,N,3,5,0,15
中环晶体,python开发工程师,呼和浩特,10000.0,17000.0,本科,上市公司,N,N,N,N,Y,N,N,N,3,5,2000,208000
远帆科技,python开发,杭州,7000.0,13000.0,本科,不需要融资,N,N,N,N,N,Y,N,N,1,3,15,50
速诺科技,python开发工程师,武汉,10000.0,20000.0,本科,不需要融资,N,N,N,N,N,Y,N,N,3,5,150,500
数易科技,python开发工程师,北京,12000.0,15000.0,本科,天使轮,Y,N,N,N,N,N,N,N,0,40,15,50
南京迈特望科技股份有限公司,python开发工程师,天津,10000.0,12000.0,大专,上市公司,N,N,N,N,N,N,N,N,3,5,500,2000
中软国际科技服务有限公司,python开发工程师,武汉,10000.0,18000.0,本科,上市公司,Y,N,N,Y,N,N,N,N,1,3,2000,208000
北瓜藤子,python,广州,18000.0,30000.0,本科,不需要融资,N,N,N,N,N,N,N,N,0,40,15,50
华为技术有限公司,Python开发工程师,南京,15000.0,25000.0,本科,不需要融资,N,N,N,N,N,N,N,N,1,3,2000,208000
万,python开发工程师,济南,8000.0,15000.0,本科,不需要融资,N,N,N,N,N,N,N,N,1,3,15,50
中信银行,python开发工程师,北京,25000.0,50000.0,本科,上市公司,N,N,N,N,N,Y,N,N,3,5,150,500
探月科技,python开发工程师,长沙,11000.0,20000.0,本科,未融资,Y,N,N,Y,N,N,N,N,1,3,50,150
玄信资产,python开发工程师,上海,10000.0,20000.0,本科,不需要融资,N,N,Y,N,Y,N,N,N,0,1,15,50
微创软件,python开发工程师,深圳,8000.0,10000.0,本科,不需要融资,Y,N,N,Y,N,N,N,N,1,3,2000,208000
灰白科技,python开发工程师,上海,15000.0,22000.0,本科,未融资,N,N,N,N,N,N,N,N,3,5,50,150
热刺激光,python开发工程师,北京,20000.0,30000.0,本科,未融资,N,N,N,N,N,N,N,N,5,10,500,2000
微创软件,python开发工程师,上海,9000.0,13000.0,大专,不需要融资,Y,N,N,Y,N,N,N,N,1,3,2000,208000
合十思维,python开发工程师,北京,20000.0,35000.0,本科,未融资,N,N,N,N,N,N,N,N,3,5,150,500
信永中和,python工程师,北京,5000.0,10000.0,本科,不需要融资,N,N,N,N,N,N,N,N,0,0,2000,208000
长亭科技,python开发工程师,北京,18000.0,25000.0,本科,不需要融资,N,N,N,N,N,N,N,N,1,3,500,2000
软通动力,python开发工程师,东莞,15000.0,20000.0,本科,不需要融资,N,N,N,Y,N,N,N,N,5,10,2000,208000
加绩中国,python开发工程师,上海,11000.0,12000.0,本科,不需要融资,N,N,N,N,N,N,N,N,1,3,2000,208000
德科信息,python开发,上海,11000.0,16000.0,本科,不需要融资,N,N,N,N,N,N,N,N,3,5,2000,208000
至婧科技,python开发工程师,深圳,18000.0,30000.0,大专,未融资,N,Y,N,N,N,N,N,N,3,5,150,500
棱镜七彩,python开发工程师,北京,15000.0,25000.0,本科,B轮,N,N,N,N,N,N,N,N,1,3,50,150
瞬息创联,python开发工程师,贵阳,8000.0,14000.0,本科,未融资,Y,N,N,N,N,N,N,N,3,5,15,50
志诺维思,Python开发工程师,北京,15000.0,20000.0,本科,B轮,Y,N,N,N,N,N,N,N,0,40,15,50
四川汉科,python开发工程师,成都,10000.0,20000.0,本科,不需要融资,N,N,N,N,Y,N,N,N,3,5,150,500
广州新晨,python开发工程师,北京,9000.0,15000.0,大专,上市公司,Y,N,N,Y,N,N,N,N,0,40,50,150
金松瑞科,python开发,上海,13000.0,17000.0,不限,未融资,N,N,N,N,N,N,N,N,0,40,15,50
赞同科技,python开发,佛山,9000.0,14000.0,本科,不需要融资,Y,N,N,Y,N,N,N,N,1,3,2000,208000
魔拟科技,python工程师,深圳,9000.0,18000.0,大专,不需要融资,N,N,N,N,N,N,N,N,0,40,500,2000
麦穗人工智能,python开发工程师,上海,15000.0,25000.0,本科,B轮,N,N,N,Y,N,N,N,N,0,0,50,150
河北惠途,python开发工程师,衡水,6000.0,9000.0,大专,未融资,N,N,N,N,N,N,N,N,3,5,15,50
蔚县铭裕,python开发工程师,张家口,6000.0,10000.0,本科,未融资,N,N,N,N,N,N,N,N,1,3,15,50
滴石文化,python开发工程师,广州,5000.0,8000.0,本科,未融资,N,N,N,N,N,N,N,N,0,1,0,15
安技汇,python开发,北京,20000.0,35000.0,不限,未融资,N,N,N,N,N,N,N,N,5,10,0,15
探越科技,python工程师,武汉,15000.0,25000.0,本科,未融资,N,N,N,N,N,N,N,N,3,5,15,50
即刻卡时,python开发工程师,北京,15000.0,30000.0,本科,A轮,N,N,N,N,N,Y,N,N,1,3,50,150
聚名科技,python开发工程师,合肥,10000.0,15000.0,本科,不需要融资,N,N,N,N,N,Y,N,N,3,5,150,500
聚名科技,python开发工程师,合肥,10000.0,15000.0,本科,不需要融资,N,N,N,N,N,N,N,N,3,5,150,500
westwell西井科技,python开发工程师,上海,20000.0,35000.0,本科,D轮及以上,N,N,N,N,N,Y,N,N,3,5,500,2000
京北方,python开发工程师,上海,13000.0,18000.0,本科,上市公司,Y,N,N,N,N,N,N,N,1,3,2000,208000
坚持一下科技,python开发工程师,重庆,12000.0,18000.0,大专,天使轮,N,N,N,N,Y,N,N,N,3,5,15,50
赶车科技,python开发工程师,重庆,5000.0,6000.0,不限,未融资,N,N,N,Y,N,N,N,N,0,40,15,50
多变,python工程师,北京,10000.0,20000.0,本科,未融资,N,N,N,N,N,N,N,N,1,3,50,150
热刺激光,python开发工程师,北京,15000.0,25000.0,本科,未融资,Y,N,N,N,N,N,N,N,3,5,500,2000
珑玺信息,python开发工程师,广州,11000.0,15000.0,本科,未融资,N,N,N,N,N,N,N,N,3,5,15,50
创富港,python开发工程师,深圳,9000.0,11000.0,大专,上市公司,N,N,N,N,N,Y,N,N,1,3,500,2000
有家有保,python工程师,北京,10000.0,20000.0,本科,天使轮,N,N,N,N,N,N,N,N,1,3,15,50
语核科技,python工程师,无锡,12000.0,22000.0,本科,天使轮,N,N,N,N,N,Y,N,N,1,3,15,50
信创电子,python开发工程师,上海,35000.0,55000.0,本科,不需要融资,N,Y,N,N,N,N,N,N,5,10,50,150
南京科澜特信息技术有...,python开发工程师,南京,13000.0,15000.0,本科,天使轮,N,N,N,N,N,N,N,N,3,5,0,15
莱嗯信息技术,python开发工程师,成都,13000.0,18000.0,大专,未融资,Y,N,N,N,N,Y,N,N,3,5,15,50
北纬四十度,python开发工程师,西安,9000.0,13000.0,本科,未融资,N,N,N,N,N,N,N,N,3,5,50,150
JETTECH,python开发,北京,15000.0,18000.0,本科,上市公司,N,N,N,N,N,N,N,N,3,5,2000,208000
北京捷科,python开发工程师,北京,14000.0,17000.0,本科,上市公司,N,N,N,N,N,N,N,N,3,5,2000,208000
鸾鸟网络,python工程师,武汉,7000.0,10000.0,本科,未融资,N,N,N,N,Y,N,N,N,3,5,0,15
展识科技,python开发工程师,武汉,6000.0,12000.0,本科,不需要融资,Y,N,N,Y,N,N,N,N,0,40,15,50
卓曜智能,python开发工程师,苏州,9000.0,18000.0,本科,未融资,N,N,N,N,Y,N,N,N,3,5,15,50
坤望私募基金,python开发工程师,上海,15000.0,25000.0,本科,未融资,N,N,N,N,N,Y,N,N,1,3,0,15
奥蓝网络,python开发工程师,商丘,5000.0,10000.0,大专,未融资,N,N,N,N,N,N,N,N,3,5,15,50
樱桃互动,python开发工程师,上海,12000.0,15000.0,本科,天使轮,N,N,N,N,N,N,N,N,1,3,50,150
华为技术有限公司,python开发工程师,深圳,15000.0,25000.0,本科,不需要融资,N,N,N,N,Y,N,N,N,0,40,2000,208000
华为技术有限公司,python开发工程师,北京,15000.0,25000.0,本科,不需要融资,N,N,N,N,Y,N,N,N,0,40,2000,208000
深圳脉山龙,python开发工程师,深圳,13000.0,17000.0,大专,不需要融资,N,N,N,Y,N,N,N,N,1,3,150,500
信华信技术（昆山）有限公司,python开发工程师,西安,13000.0,18000.0,本科,未融资,N,N,N,N,N,N,N,N,3,5,500,2000
奇安信集团,python开发,上海,15000.0,22000.0,本科,上市公司,N,N,N,N,N,Y,N,N,1,3,2000,208000
小角牛食品,python开发,安阳,10000.0,15000.0,本科,未融资,N,N,N,N,N,N,N,N,0,0,0,15
成都兴能金通科技有限公司,python开发工程师,成都,18000.0,28000.0,大专,不需要融资,N,N,N,N,N,Y,N,N,5,10,15,50
北京迈迪培尔信息技术有限公司,python工程师,北京,6000.0,12000.0,本科,天使轮,N,N,Y,Y,N,N,N,N,0,40,15,50
大连华信计算机,python开发工程师,西安,12000.0,19000.0,本科,上市公司,N,N,N,N,N,N,N,N,3,5,2000,208000
嘉信建设集团,python开发工程师,深圳,20000.0,40000.0,本科,不需要融资,N,N,N,N,N,N,N,Y,5,10,500,2000
飞脉科技,python,武汉,8000.0,15000.0,大专,未融资,N,N,N,N,N,N,N,N,1,3,15,50
华为技术有限公司,python开发工程师,西安,15000.0,25000.0,本科,不需要融资,N,N,N,N,Y,N,N,N,0,40,2000,208000
威廉欧奈尔中国,python开发工程师,上海,12000.0,24000.0,本科,未融资,Y,N,N,N,N,N,Y,N,1,3,15,50
VTECH,python开发工程师,北京,15000.0,20000.0,本科,A轮,N,N,N,N,N,N,N,N,0,40,50,150
和润达,python工程师,深圳,25000.0,50000.0,本科,天使轮,N,N,N,N,N,Y,N,N,3,5,150,500
中软国际科技服务有限公司,python开发工程师,西安,9000.0,15000.0,本科,上市公司,N,N,N,N,N,N,N,N,1,3,2000,208000
中软国际科技服务有限公司,python开发工程师,西安,15000.0,30000.0,本科,上市公司,N,N,N,N,N,N,N,N,0,40,2000,208000
万博时代,python开发工程师,深圳,15000.0,25000.0,大专,未融资,N,N,N,N,N,Y,N,N,3,5,150,500
天锐医健,python开发工程师,广州,9000.0,12000.0,大专,未融资,Y,N,N,N,N,N,N,N,1,3,50,150
晓邻,python开发工程师,济南,8000.0,12000.0,本科,不需要融资,N,N,N,N,N,N,N,N,1,3,50,150
神州云合数据科技发展有限公司,python开发工程师,南京,10000.0,16000.0,本科,不需要融资,N,N,N,N,N,N,N,N,5,10,150,500
平方和投资,python开发工程师,北京,15000.0,30000.0,本科,不需要融资,N,N,N,N,N,Y,N,N,0,40,15,50
慧诚集团,python开发工程师,济南,13000.0,26000.0,本科,未融资,N,N,N,N,N,N,N,N,3,5,15,50
陌壳,python开发,昆明,10000.0,18000.0,本科,不需要融资,N,N,N,N,N,N,N,N,3,5,0,15
西安英荟烁,python,北京,15000.0,22000.0,不限,未融资,N,N,N,N,N,N,N,N,0,40,150,500
西安英荟烁,python,广州,15000.0,22000.0,大专,未融资,N,N,N,N,N,N,N,N,0,40,150,500
中软国际科技服务有限公司,python开发工程师,深圳,10000.0,18000.0,本科,上市公司,N,N,N,N,N,N,N,N,1,3,2000,208000
北京时空立方,Python开发,广州,10000.0,15000.0,本科,未融资,Y,N,N,N,N,N,N,N,1,3,500,2000
观源科技,python开发工程师,上海,12000.0,24000.0,本科,A轮,N,N,N,N,N,N,N,N,1,3,50,150
同和科技,python开发工程师,深圳,14000.0,19000.0,大专,不需要融资,N,N,N,Y,N,N,N,N,3,5,500,2000
途游,python开发工程师,北京,18000.0,36000.0,本科,B轮,N,Y,N,N,N,N,N,N,0,40,500,2000
南方报业,Python开发工程师,广州,20000.0,40000.0,本科,不需要融资,N,N,N,N,N,N,N,N,0,40,2000,208000
华为,python开发工程师,西安,15000.0,30000.0,本科,不需要融资,N,N,N,N,N,N,N,N,0,40,2000,208000
四川凯普顿信息技术股份有限公司,python开发工程师,成都,18000.0,25000.0,本科,上市公司,N,N,N,N,N,N,N,N,3,5,50,150
北京瑞联,python开发工程师,成都,10000.0,15000.0,大专,D轮及以上,Y,N,N,Y,N,N,N,N,0,40,500,2000
软通动力,python开发工程师,南京,10000.0,17000.0,本科,不需要融资,N,N,N,Y,N,N,N,N,1,3,2000,208000
指南车数据,python开发工程师,上海,15000.0,30000.0,本科,未融资,N,N,N,N,N,N,N,N,1,3,15,50
中软国际科技服务有限公司,python开发工程师,武汉,10000.0,15000.0,本科,上市公司,N,N,N,Y,N,N,N,N,1,3,2000,208000
优解未来,python开发工程师,北京,20000.0,40000.0,本科,天使轮,N,N,N,N,Y,N,N,N,5,10,15,50
新致软件,python开发,深圳,15000.0,20000.0,本科,上市公司,N,N,N,Y,N,N,N,N,3,5,2000,208000
四川众航,Python开发,南京,10000.0,20000.0,大专,未融资,Y,N,N,N,N,N,N,N,1,3,15,50
赛意,python开发工程师,广州,9000.0,14000.0,大专,上市公司,N,N,N,N,N,N,N,N,1,3,2000,208000
米球文化,python开发工程师,南京,10000.0,20000.0,大专,未融资,N,N,N,Y,N,N,N,N,0,40,50,150
药智网,python开发工程师,重庆,7000.0,14000.0,大专,A轮,Y,N,N,Y,N,N,N,N,1,3,150,500
言羽科技,python开发工程师,上海,15000.0,30000.0,本科,不需要融资,N,N,N,N,Y,N,N,N,0,0,50,150
佰特创新,python开发工程师,深圳,12000.0,20000.0,本科,不需要融资,N,N,N,N,N,N,N,N,3,5,150,500
优解未来,python开发工程师,北京,20000.0,40000.0,本科,天使轮,N,N,N,N,Y,N,N,N,3,5,15,50
汇智科技,Python开发工程师,济南,8000.0,15000.0,本科,不需要融资,N,N,N,N,N,N,N,N,1,3,150,500
杭州代码狗,python开发工程师,杭州,5000.0,10000.0,本科,不需要融资,N,N,N,N,N,Y,N,N,0,40,15,50
深圳华秋电子有限公司,Python开发,上海,15000.0,25000.0,本科,C轮,N,N,N,N,N,N,N,N,3,5,500,2000
五色云,python开发工程师,杭州,12000.0,24000.0,本科,不需要融资,Y,N,N,Y,N,N,N,N,0,40,15,50
人民在线,python开发工程师,北京,15000.0,20000.0,本科,不需要融资,N,N,N,N,N,Y,N,N,1,3,150,500
华为技术有限公司,python开发工程师,西安,15000.0,30000.0,本科,不需要融资,N,N,N,N,N,Y,N,N,0,40,2000,208000
Taidii,python开发工程师,苏州,13000.0,18000.0,大专,A轮,N,N,N,Y,Y,N,N,N,1,3,15,50
海岸跃动,python开发,武汉,8000.0,15000.0,本科,未融资,Y,N,N,N,N,N,N,N,3,5,50,150
西安华为技术有限公司,python开发工程师,西安,15000.0,30000.0,本科,不需要融资,N,N,N,N,Y,N,N,N,0,40,2000,208000
米倪网络,python开发工程师,深圳,15000.0,30000.0,本科,未融资,Y,N,N,Y,N,N,N,N,3,5,15,50
中科院自动化所,python开发工程师,北京,20000.0,25000.0,硕士,不需要融资,N,N,N,N,N,Y,N,N,1,3,2000,208000
UPAPP,python开发工程师,上海,11000.0,20000.0,本科,未融资,N,N,N,N,N,N,N,N,1,3,50,150
发业信息,python开发工程师,广州,15000.0,20000.0,本科,未融资,N,N,N,N,Y,N,N,N,3,5,50,150
云纳信息,python开发工程师,广州,5000.0,6000.0,大专,未融资,N,N,N,N,Y,N,N,N,1,3,0,15
臻宇科技,python开发工程师,郑州,10000.0,13000.0,本科,不需要融资,N,N,N,N,N,N,N,N,3,5,15,50
广州南田互联网科技有限公司,python开发工程师,广州,10000.0,15000.0,本科,未融资,Y,N,N,Y,N,N,N,N,1,3,50,150
威力强化,python开发工程师,北京,18000.0,25000.0,本科,不需要融资,Y,N,N,Y,N,N,N,N,3,5,500,2000
普华汇金,python开发工程师,潍坊,8000.0,15000.0,本科,未融资,N,N,N,N,N,N,N,N,1,3,15,50
广东堡塔安全技术有限公司,python开发工程师,东莞,7000.0,12000.0,不限,天使轮,N,N,N,N,N,N,N,N,3,5,15,50
数安智能,python开发工程师,贵阳,7000.0,10000.0,本科,A轮,N,N,N,N,N,N,N,N,1,3,15,50
数能软件,python开发工程师,郑州,2000.0,3000.0,本科,未融资,N,N,N,N,N,N,N,N,0,1,15,50
数能软件,python开发工程师,郑州,2000.0,3000.0,博士,未融资,N,N,N,N,N,N,N,N,0,1,15,50
众趣,python开发工程师,北京,18000.0,30000.0,本科,A轮,N,N,N,N,N,Y,N,N,3,5,50,150
安全共识,python开发工程师,北京,7000.0,10000.0,本科,A轮,N,N,N,N,N,N,N,N,0,0,50,150
恒智数科,python开发工程师,北京,10000.0,15000.0,本科,未融资,N,N,N,N,Y,N,N,N,3,5,50,150
博奥瑞,python开发工程师,北京,10000.0,12000.0,本科,未融资,Y,N,N,N,N,N,N,N,1,3,50,150
直觉,Python开发工程师,上海,8000.0,15000.0,本科,A轮,N,N,N,N,N,N,N,N,0,40,15,50
赛纳吉咨询服务,python开发工程师,苏州,15000.0,30000.0,本科,未融资,N,N,N,N,N,N,N,N,3,5,15,50
云庐科技,python开发工程师,北京,20000.0,30000.0,本科,B轮,N,N,N,N,N,N,N,N,3,5,150,500
睿云联,Python开发工程师,厦门,3000.0,4000.0,本科,不需要融资,N,N,N,N,Y,N,N,N,0,0,150,500
景生星月信息科技,python开发,北京,4000.0,6000.0,本科,未融资,N,N,N,N,N,N,N,N,0,0,15,50
惠群数据,python开发工程师,深圳,7000.0,12000.0,本科,天使轮,N,N,N,Y,N,N,N,N,0,0,15,50
华美汉盛,python开发工程师,北京,7000.0,8000.0,本科,未融资,N,Y,N,N,N,N,N,N,0,0,50,150
问点事,python开发工程师,杭州,4000.0,8000.0,本科,未融资,N,Y,N,N,Y,N,N,Y,0,0,15,50
运荔枝科技,python开发工程师,成都,10000.0,15000.0,大专,不需要融资,N,N,N,N,N,Y,N,N,5,10,50,150
远江盛邦（北京）网络安全科技股份有限公司,python开发工程师,西安,8000.0,13000.0,本科,不需要融资,N,N,N,N,Y,N,N,N,0,0,150,500
易度信息,Python开发工程师,广州,10000.0,15000.0,本科,不需要融资,N,N,N,N,N,Y,N,N,1,3,15,50
上海优宁维生物科技股份有限公司,python开发工程师,上海,17000.0,23000.0,本科,上市公司,N,N,N,N,N,N,N,N,1,3,500,2000
昇腾技术,python工程师,深圳,9000.0,15000.0,硕士,不需要融资,N,N,N,N,Y,N,N,N,0,0,15,50
北斗云数字,python开发工程师,沈阳,5000.0,10000.0,本科,不需要融资,N,N,N,N,N,N,N,N,0,0,50,150
北京迈迪培尔信息技术有限公司,python开发工程师,北京,6000.0,12000.0,本科,天使轮,Y,Y,Y,N,N,N,N,N,0,0,15,50
音娱时光,python开发工程师,北京,25000.0,35000.0,本科,C轮,N,N,N,N,N,N,N,N,3,5,150,500
了了科技,python开发工程师,成都,5000.0,10000.0,本科,不需要融资,N,N,N,N,N,N,N,N,0,0,15,50
华信,python开发工程师,成都,12000.0,18000.0,本科,不需要融资,Y,N,N,N,N,N,N,N,3,5,50,150
青岛智力云人工智能科技有限公司,Python开发工程师,青岛,5000.0,8000.0,大专,不需要融资,Y,Y,N,N,N,N,N,N,0,40,15,50
EDM,python开发工程师,上海,15000.0,20000.0,本科,未知,N,N,N,Y,N,N,N,N,5,10,0,208000
东吴在线（上海）金融信息服务有限公司,Python开发工程师,苏州,13000.0,18000.0,本科,不需要融资,Y,Y,Y,N,N,N,N,N,5,10,50,150
中清控(武汉)科技有限公司,Python开发工程师,武汉,10000.0,20000.0,硕士,不需要融资,Y,Y,Y,N,N,N,N,N,3,5,50,150
布廷恩（BUTTING),高级Python开发工程师（AI方向）,上海,12000.0,22000.0,本科,不需要融资,Y,N,N,N,N,N,Y,N,3,5,150,500
新炬网络,python开发工程师,合肥,8000.0,16000.0,本科,未知,Y,Y,N,N,N,N,N,N,1,3,0,208000
成都志合信蒙科技有限公司,Python软件测试,成都,6000.0,12000.0,本科,未知,Y,N,N,N,N,N,N,N,0,40,0,208000
亚信科技,python架构师,南京,20000.0,30000.0,本科,上市公司,N,N,N,N,N,N,N,N,5,10,2000,208000
四川威名,python开发工程师,成都,9000.0,14000.0,本科,不需要融资,Y,Y,N,N,N,N,N,N,1,3,15,50
布廷恩（BUTTING),python工程师,上海,15000.0,30000.0,本科,不需要融资,Y,N,N,N,N,N,Y,N,1,3,150,500
睿智思科,python开发工程师,北京,7000.0,14000.0,本科,天使轮,N,N,N,N,N,N,N,N,0,40,15,50
平安科技,117121-高级Python开发工程师,深圳,15000.0,25000.0,本科,上市公司,Y,Y,N,N,N,N,N,N,1,3,2000,208000
领焰科技,python大数据分析工程师,上海,6000.0,12000.0,大专,未知,Y,N,N,Y,N,N,N,Y,1,3,0,208000
Veeva System维我软件,Python高级/资深开发工程师,北京,30000.0,50000.0,本科,上市公司,N,N,N,N,N,N,N,N,5,10,2000,208000
领焰科技,AI工程师/python开发工程师,上海,6000.0,12000.0,本科,未知,Y,N,N,N,N,N,N,N,0,40,0,208000
旭日蓝天,Python开发工程师,武汉,5000.0,8000.0,本科,未知,Y,N,N,N,N,N,Y,Y,1,3,0,208000
中山大洋电机股份有限公司,python开发工程师(J10084),中山,10000.0,16000.0,本科,未知,Y,Y,N,N,N,N,N,N,3,5,0,208000
领星,python开发工程师,深圳,15000.0,30000.0,本科,C轮,N,N,Y,N,N,N,N,N,0,40,500,2000
杭州辉电信息科技有限公司,Python算法工程师,杭州,10000.0,15000.0,本科,未知,N,N,N,N,N,N,N,N,3,5,0,208000
领星,Python开发工程师,深圳,15000.0,30000.0,本科,C轮,N,N,N,N,N,N,N,N,1,3,500,2000
Veeva System维我软件,Python资深后端开发工程师,北京,30000.0,50000.0,本科,上市公司,N,N,N,N,N,N,N,N,0,1,2000,208000
科锐尔人力资源服务,python开发,西安,10000.0,15000.0,本科,上市公司,N,N,N,N,N,N,N,N,3,5,2000,208000
科锐福克斯,python开发工程师,北京,40000.0,60000.0,本科,不需要融资,N,N,N,N,N,N,N,N,5,10,150,500
科锐国际,python开发工程师,深圳,21000.0,25000.0,本科,上市公司,N,N,N,N,N,N,N,N,1,3,2000,208000
科锐国际,python开发工程师,深圳,20000.0,35000.0,本科,上市公司,N,N,N,N,N,N,N,N,3,5,2000,208000
博猎企业管理咨询,python开发工程师,苏州,15000.0,30000.0,本科,B轮,N,N,N,N,N,N,N,N,3,5,50,150
科锐国际,python开发工程师,南京,15000.0,30000.0,本科,上市公司,N,N,N,N,N,N,N,N,1,3,2000,208000
科锐国际,python开发工程师,深圳,15000.0,30000.0,本科,上市公司,Y,N,N,N,N,N,N,N,3,5,2000,208000
卓伯咨询,python开发,宁波,13000.0,23000.0,本科,不需要融资,N,N,N,N,N,N,N,N,0,40,50,150
某大型互联网上市集团公司,python开发工程师,深圳,30000.0,50000.0,本科,未知,N,N,N,N,N,N,N,N,5,10,0,208000
科锐国际,python开发工程师,西安,15000.0,30000.0,本科,上市公司,N,N,N,N,N,N,N,N,3,5,2000,208000
睿资达,python开发工程师,北京,20000.0,30000.0,本科,未融资,N,N,N,N,N,N,N,N,0,40,50,150
先路咨询,python开发工程师,成都,15000.0,20000.0,本科,未融资,Y,N,N,Y,N,N,N,N,3,5,0,15
科锐尔人力资源服务,python开发工程师,东莞,13000.0,25000.0,本科,上市公司,N,N,N,N,N,N,N,N,3,5,2000,208000
先路咨询,python开发工程师,广州,20000.0,40000.0,本科,未融资,Y,Y,N,N,N,N,N,N,5,10,0,15
某知名企业,python开发工程师,北京,40000.0,60000.0,本科,未知,N,N,N,N,N,Y,N,N,3,5,0,208000
科锐国际,python开发工程师,深圳,15000.0,30000.0,本科,上市公司,N,N,N,N,N,N,N,N,0,40,2000,208000
科锐国际,python开发工程师,深圳,20000.0,40000.0,本科,上市公司,N,N,N,N,N,N,N,N,3,5,2000,208000
科锐国际,python开发工程师,深圳,13000.0,26000.0,本科,上市公司,N,N,N,N,Y,N,N,N,0,40,2000,208000
科锐国际,python开发工程师,西安,20000.0,40000.0,本科,上市公司,N,N,N,N,N,N,N,N,0,40,2000,208000
科锐尔人力资源服务,python开发工程师,武汉,15000.0,30000.0,本科,上市公司,N,N,N,N,N,N,N,N,1,3,2000,208000
科锐尔人力资源服务,python开发工程师,深圳,15000.0,30000.0,本科,上市公司,N,N,N,N,N,N,N,N,1,3,2000,208000
美钛技术服务（上海）有限公司,python开发,上海,12000.0,15000.0,本科,不需要融资,N,N,N,N,N,N,N,N,1,3,2000,208000
锐致咨询,python开发,西安,20000.0,40000.0,本科,不需要融资,Y,Y,N,N,N,N,N,N,1,3,150,500
某大型互联网公司,python开发工程师,北京,35000.0,50000.0,本科,未知,N,N,N,N,N,N,N,N,0,40,0,208000
某知名互联网公司,python开发工程师,北京,30000.0,45000.0,本科,未知,N,N,N,N,Y,Y,N,N,0,40,0,208000
某知名企业,python工程师,无锡,15000.0,25000.0,本科,未知,Y,N,N,N,N,N,N,N,0,40,0,208000
尚仕杰企业管理顾问,python开发工程师,苏州,20000.0,40000.0,本科,未融资,N,N,N,N,N,N,N,N,0,40,0,15
某公司,python开发工程师,北京,40000.0,60000.0,本科,未知,N,N,N,N,N,N,N,N,0,40,0,208000
某公司,python,北京,17000.0,30000.0,本科,未知,N,N,N,Y,N,N,N,N,3,5,0,208000
睿资达,python开发工程师,上海,25000.0,40000.0,硕士,未融资,N,N,N,N,N,N,N,N,3,5,50,150
科锐尔人力资源服务,python开发工程师,西安,15000.0,30000.0,本科,上市公司,N,N,N,N,N,N,N,N,1,3,2000,208000
科锐尔人力资源服务,python开发工程师,西安,10000.0,20000.0,大专,上市公司,N,N,N,N,N,N,N,N,0,40,2000,208000
科锐国际,python开发工程师,西安,16000.0,32000.0,本科,上市公司,N,N,N,N,N,N,N,N,0,40,2000,208000
科锐国际,python开发工程师,西安,20000.0,40000.0,本科,上市公司,N,N,N,N,Y,N,N,N,0,40,2000,208000
仕进信息,python开发工程师,上海,28000.0,40000.0,本科,不需要融资,N,N,N,N,N,N,N,N,5,10,500,2000
时代互联,Python量化交易工程师,深圳,10000.0,20000.0,本科,不需要融资,Y,Y,N,Y,N,N,N,N,3,5,50,150
汇合,测试工程师（python、自动化测试经验）,成都,12000.0,15000.0,本科,不需要融资,N,N,N,N,N,N,N,N,3,5,2000,208000
玖乾奕软件,python全栈开发工程师,上海,25000.0,35000.0,本科,不需要融资,N,N,N,N,N,N,N,N,5,10,15,50
科锐尔人力资源服务,python开发工程师,西安,20000.0,40000.0,本科,上市公司,N,N,N,N,N,N,N,N,3,5,2000,208000
珠海鸿瑞,软件开发工程师（Python）,珠海,7000.0,10000.0,本科,不需要融资,Y,Y,Y,N,N,N,N,N,1,3,150,500
SDLH,python web 工程师,成都,6000.0,10000.0,本科,不需要融资,Y,N,Y,N,N,N,N,N,1,3,50,150
万象云,python程序员,北京,6000.0,12000.0,大专,未知,Y,Y,N,N,N,N,N,Y,1,3,0,208000
三耀科技,python后端工程师,福州,8000.0,15000.0,本科,不需要融资,Y,N,N,N,N,Y,N,N,1,3,50,150
广州南天,python开发工程师,广州,10000.0,12000.0,本科,上市公司,N,N,N,Y,N,N,N,N,3,5,500,2000
PDE,Python-AI开发工程师,南京,10000.0,20000.0,本科,不需要融资,Y,N,Y,N,N,N,N,N,3,5,150,500
杰通信息,前后台分离(React、Python等)软件开发(对日),常州,8000.0,13000.0,大专,不需要融资,Y,N,N,N,N,N,N,N,3,5,50,150
优脉家族办公室,Java & Python 开发实习生,上海,4000.0,5000.0,硕士,不需要融资,N,N,N,N,Y,Y,N,N,0,0,15,50
塔普仑,AI Python,上海,20000.0,30000.0,本科,不需要融资,N,N,N,N,N,N,N,N,3,5,50,150
上海云赛智联信息科技有限公司,Python爬虫工程师,上海,15000.0,17000.0,大专,不需要融资,N,N,N,N,Y,Y,N,N,1,3,150,500
希美克,高级python算法工程师,广州,15000.0,30000.0,本科,不需要融资,Y,Y,N,N,N,N,N,N,3,5,500,2000
深圳市南深人力资源股份有限公司,Python开发工程师/IT运维与安全方向（合作伙伴）,长沙,15000.0,18000.0,本科,不需要融资,N,N,N,N,Y,Y,N,N,3,5,150,500
中电电气,Python爬虫开发工程师,南京,15000.0,30000.0,不限,不需要融资,Y,Y,N,N,N,N,N,Y,3,5,500,2000
紫川软件,Python算法工程师,深圳,14000.0,16000.0,本科,不需要融资,Y,N,Y,N,N,N,Y,N,3,5,500,2000
银玉科技有限公司,python自动化检测,深圳,6000.0,8000.0,大专,不需要融资,Y,Y,N,N,N,N,N,N,0,40,150,500
上海智机,Python全栈工程师,上海,10000.0,18000.0,大专,未知,N,N,N,N,N,N,N,N,1,3,0,208000
上海智机,Python Web高级开发工程师,上海,11000.0,18000.0,大专,未知,N,N,N,N,N,N,N,N,3,5,0,208000
湖北悦联,python数据开发工程师,武汉,6000.0,10000.0,本科,不需要融资,N,Y,Y,N,N,N,N,N,3,5,500,2000
深圳市晨特电子有限公司,python高级开发工程师,深圳,15000.0,20000.0,本科,未知,Y,Y,N,N,N,N,N,N,3,5,0,208000
赛思科技（西安）有限公司,python软件开发工程师,西安,8000.0,10000.0,本科,不需要融资,Y,Y,Y,N,N,N,N,N,3,5,50,150
河南省信息咨询设计研究有限公司,python高级工程师,郑州,8000.0,13000.0,大专,未知,N,N,N,N,Y,Y,N,N,3,5,0,208000
在舱平台,python开发工程师（双休）,宁波,9000.0,16000.0,本科,不需要融资,Y,N,Y,N,N,N,Y,N,1,3,50,150
太粮集团,Python爬虫开发实习生,东莞,4000.0,5000.0,大专,不需要融资,N,N,N,N,N,N,N,Y,0,0,500,2000
